step,arm,probe_loss,ema,latched,action,admitted,acc_ARITH,acc_REVERSE,acc_CAESAR,acc_SORT,acc_ROMAN,acc_overall
1,lora,1.1748,,,commit,8,,,,,,
2,lora,0.63,,,commit,8,,,,,,
3,lora,0.7087,,,commit,8,,,,,,
4,lora,1.1834,,,commit,8,,,,,,
5,lora,1.6735,,,commit,8,,,,,,
6,lora,1.2936,,,commit,8,,,,,,
7,lora,0.1542,,,commit,8,,,,,,
8,lora,1.5262,,,commit,8,,,,,,
9,lora,1.5144,,,commit,8,,,,,,
10,lora,0.6878,,,commit,8,,,,,,
11,lora,0.2278,,,commit,8,,,,,,
12,lora,0.4351,,,commit,8,,,,,,
13,lora,0.6841,,,commit,8,,,,,,
14,lora,0.9986,,,commit,8,,,,,,
15,lora,0.7728,,,commit,8,,,,,,
16,lora,0.5823,,,commit,8,,,,,,
17,lora,0.7309,,,commit,8,,,,,,
18,lora,0.5466,,,commit,8,,,,,,
19,lora,1.0917,,,commit,8,,,,,,
20,lora,0.3912,,,commit,8,0.0,0.0,0.0,0.0,0.0,0.0
21,lora,0.1711,,,commit,8,,,,,,
22,lora,0.6983,,,commit,8,,,,,,
23,lora,0.6454,,,commit,8,,,,,,
24,lora,0.7345,,,commit,8,,,,,,
25,lora,1.5276,,,commit,8,,,,,,
26,lora,0.1171,,,commit,8,,,,,,
27,lora,0.5473,,,commit,8,,,,,,
28,lora,0.2126,,,commit,8,,,,,,
29,lora,0.46,,,commit,8,,,,,,
30,lora,0.8628,,,commit,8,,,,,,
31,lora,0.6958,,,commit,8,,,,,,
32,lora,0.6339,,,commit,8,,,,,,
33,lora,0.1758,,,commit,8,,,,,,
34,lora,0.4734,,,commit,8,,,,,,
35,lora,0.2265,,,commit,8,,,,,,
36,lora,0.4711,,,commit,8,,,,,,
37,lora,0.5777,,,commit,8,,,,,,
38,lora,1.0156,,,commit,8,,,,,,
39,lora,0.5042,,,commit,8,,,,,,
40,lora,0.261,,,commit,8,0.0,0.0,0.0,0.0,0.0,0.0
41,lora,0.4356,,,commit,8,,,,,,
42,lora,0.098,,,commit,8,,,,,,
43,lora,0.4701,,,commit,8,,,,,,
44,lora,0.0845,,,commit,8,,,,,,
45,lora,0.5906,,,commit,8,,,,,,
46,lora,0.1126,,,commit,8,,,,,,
47,lora,0.8514,,,commit,8,,,,,,
48,lora,0.7021,,,commit,8,,,,,,
49,lora,0.5874,,,commit,8,,,,,,
50,lora,0.1875,,,commit,8,,,,,,
51,lora,0.4484,,,commit,8,,,,,,
52,lora,0.1262,,,commit,8,,,,,,
53,lora,0.7448,,,commit,8,,,,,,
54,lora,0.6896,,,commit,8,,,,,,
55,lora,0.4835,,,commit,8,,,,,,
56,lora,0.2935,,,commit,8,,,,,,
57,lora,0.1541,,,commit,8,,,,,,
58,lora,0.517,,,commit,8,,,,,,
59,lora,0.2352,,,commit,8,,,,,,
60,lora,0.1961,,,commit,8,0.0,0.0,0.0,0.0,0.0,0.0
61,lora,0.1672,,,commit,8,,,,,,
62,lora,0.6487,,,commit,8,,,,,,
63,lora,0.2107,,,commit,8,,,,,,
64,lora,0.2985,,,commit,8,,,,,,
65,lora,1.6859,,,commit,8,,,,,,
66,lora,0.2934,,,commit,8,,,,,,
67,lora,1.0551,,,commit,8,,,,,,
68,lora,0.3541,,,commit,8,,,,,,
69,lora,0.8122,,,commit,8,,,,,,
70,lora,0.3649,,,commit,8,,,,,,
71,lora,0.2038,,,commit,8,,,,,,
72,lora,0.2514,,,commit,8,,,,,,
73,lora,0.8335,,,commit,8,,,,,,
74,lora,0.5094,,,commit,8,,,,,,
75,lora,0.0301,,,commit,8,,,,,,
76,lora,0.0478,,,commit,8,,,,,,
77,lora,0.9609,,,commit,8,,,,,,
78,lora,0.1698,,,commit,8,,,,,,
79,lora,0.3063,,,commit,8,,,,,,
80,lora,0.5468,,,commit,8,0.0,0.0,0.0,0.0,0.0,0.0
81,lora,0.066,,,commit,8,,,,,,
82,lora,0.4456,,,commit,8,,,,,,
83,lora,0.196,,,commit,8,,,,,,
84,lora,0.3118,,,commit,8,,,,,,
85,lora,0.9772,,,commit,8,,,,,,
86,lora,0.027,,,commit,8,,,,,,
87,lora,0.0253,,,commit,8,,,,,,
88,lora,0.2537,,,commit,8,,,,,,
89,lora,0.1317,,,commit,8,,,,,,
90,lora,0.2532,,,commit,8,,,,,,
91,lora,0.3395,,,commit,8,,,,,,
92,lora,0.433,,,commit,8,,,,,,
93,lora,0.3927,,,commit,8,,,,,,
94,lora,0.1435,,,commit,8,,,,,,
95,lora,0.8821,,,commit,8,,,,,,
96,lora,0.3964,,,commit,8,,,,,,
97,lora,0.4112,,,commit,8,,,,,,
98,lora,0.1064,,,commit,8,,,,,,
99,lora,0.2559,,,commit,8,,,,,,
100,lora,0.2779,,,commit,8,0.0,0.0,0.0,0.0,0.0,0.0
101,lora,0.2188,,,commit,8,,,,,,
102,lora,0.2373,,,commit,8,,,,,,
103,lora,0.1084,,,commit,8,,,,,,
104,lora,0.3298,,,commit,8,,,,,,
105,lora,0.1394,,,commit,8,,,,,,
106,lora,0.7993,,,commit,8,,,,,,
107,lora,0.1126,,,commit,8,,,,,,
108,lora,0.1214,,,commit,8,,,,,,
109,lora,0.0944,,,commit,8,,,,,,
110,lora,0.3397,,,commit,8,,,,,,
111,lora,0.2376,,,commit,8,,,,,,
112,lora,0.4179,,,commit,8,,,,,,
113,lora,0.0626,,,commit,8,,,,,,
114,lora,0.2496,,,commit,8,,,,,,
115,lora,0.2345,,,commit,8,,,,,,
116,lora,0.1125,,,commit,8,,,,,,
117,lora,0.2939,,,commit,8,,,,,,
118,lora,0.092,,,commit,8,,,,,,
119,lora,0.4334,,,commit,8,,,,,,
120,lora,0.4763,,,commit,8,0.0,0.0,0.0,0.0,0.0,0.0
1,grade,1.6608,1.6608,False,commit,11,,,,,,
2,grade,1.1321,1.6079,False,commit,11,,,,,,
3,grade,0.7069,1.5178,False,commit,11,,,,,,
4,grade,0.5437,1.4204,False,commit,11,,,,,,
5,grade,0.8834,1.3667,False,commit,11,,,,,,
6,grade,1.6792,1.398,True,commit,11,,,,,,
7,grade,0.0959,1.2677,True,commit,11,,,,,,
8,grade,1.906,1.3316,True,skip,11,,,,,,
9,grade,1.579,1.3563,True,skip,11,,,,,,
10,grade,2.1293,1.4336,True,skip,11,,,,,,
11,grade,0.865,1.3767,True,commit,11,,,,,,
12,grade,0.7869,1.3178,True,commit,11,,,,,,
13,grade,0.6424,1.2502,True,commit,11,,,,,,
14,grade,1.0548,1.2307,True,commit,11,,,,,,
15,grade,1.1939,1.227,True,commit,11,,,,,,
16,grade,1.2921,1.2335,True,skip,11,,,,,,
17,grade,0.5013,1.1603,True,commit,11,,,,,,
18,grade,0.768,1.1211,True,commit,11,,,,,,
19,grade,0.3236,1.0413,True,commit,11,,,,,,
20,grade,0.8036,1.0175,True,commit,11,0.0,0.0,0.0,0.0,0.0,0.0
21,grade,0.8242,0.9982,True,commit,11,,,,,,
22,grade,0.7093,0.9693,True,commit,11,,,,,,
23,grade,0.6991,0.9423,True,commit,11,,,,,,
24,grade,0.349,0.883,True,commit,11,,,,,,
25,grade,1.131,0.9078,True,skip,11,,,,,,
26,grade,0.617,0.8787,True,commit,11,,,,,,
27,grade,1.3835,0.9292,True,skip,11,,,,,,
28,grade,0.189,0.8551,True,commit,11,,,,,,
29,grade,0.6139,0.831,True,commit,11,,,,,,
30,grade,0.7407,0.822,True,commit,11,,,,,,
31,grade,0.618,0.8016,True,commit,11,,,,,,
32,grade,1.3295,0.8544,True,skip,11,,,,,,
33,grade,0.2222,0.7912,True,commit,11,,,,,,
34,grade,0.5242,0.7645,True,commit,11,,,,,,
35,grade,0.3491,0.7229,True,commit,11,,,,,,
36,grade,0.2702,0.6777,True,commit,11,,,,,,
37,grade,1.0057,0.7105,True,skip,11,,,,,,
38,grade,0.3848,0.6779,True,commit,11,,,,,,
39,grade,0.752,0.6853,True,skip,11,,,,,,
40,grade,0.2922,0.646,True,commit,11,0.0,0.0,0.0,0.0,0.0,0.0
41,grade,0.6851,0.6499,True,skip,11,,,,,,
42,grade,0.446,0.6295,True,commit,11,,,,,,
43,grade,0.3983,0.6064,True,commit,11,,,,,,
44,grade,0.6626,0.612,True,skip,11,,,,,,
45,grade,0.5797,0.6088,True,commit,11,,,,,,
46,grade,0.7224,0.6201,True,skip,11,,,,,,
47,grade,0.3689,0.595,True,commit,11,,,,,,
48,grade,0.4293,0.5785,True,commit,11,,,,,,
49,grade,0.9007,0.6107,True,skip,11,,,,,,
50,grade,0.1292,0.5625,True,commit,11,,,,,,
51,grade,0.2767,0.5339,True,commit,11,,,,,,
52,grade,0.5644,0.537,True,skip,11,,,,,,
53,grade,0.4466,0.5279,True,commit,11,,,,,,
54,grade,0.8913,0.5643,True,skip,11,,,,,,
55,grade,0.4271,0.5506,True,commit,11,,,,,,
56,grade,0.4568,0.5412,True,commit,11,,,,,,
57,grade,0.5882,0.5459,True,skip,11,,,,,,
58,grade,0.8574,0.577,True,skip,11,,,,,,
59,grade,0.6382,0.5832,True,skip,11,,,,,,
60,grade,0.8074,0.6056,True,skip,11,0.0,0.0,0.0,0.0,0.0,0.0
61,grade,0.0516,0.5502,True,commit,11,,,,,,
62,grade,0.1429,0.5095,True,commit,11,,,,,,
63,grade,0.0918,0.4677,True,commit,11,,,,,,
64,grade,0.7828,0.4992,True,skip,11,,,,,,
65,grade,0.7495,0.5242,True,skip,11,,,,,,
66,grade,0.1312,0.4849,True,commit,11,,,,,,
67,grade,0.3557,0.472,True,commit,11,,,,,,
68,grade,0.3152,0.4563,True,commit,11,,,,,,
69,grade,1.0363,0.5143,True,skip,11,,,,,,
70,grade,0.2426,0.4871,True,commit,11,,,,,,
71,grade,0.5769,0.4961,True,skip,11,,,,,,
72,grade,0.622,0.5087,True,skip,11,,,,,,
73,grade,0.4763,0.5055,True,commit,11,,,,,,
74,grade,0.7215,0.5271,True,skip,11,,,,,,
75,grade,0.2599,0.5004,True,commit,11,,,,,,
76,grade,0.1283,0.4632,True,commit,11,,,,,,
77,grade,1.2899,0.5458,True,skip,11,,,,,,
78,grade,0.3812,0.5294,True,commit,11,,,,,,
79,grade,0.6269,0.5391,True,skip,11,,,,,,
80,grade,0.2101,0.5062,True,commit,11,0.0,0.0,0.0,0.0,0.0,0.0
81,grade,0.5201,0.5076,True,skip,11,,,,,,
82,grade,0.609,0.5177,True,skip,11,,,,,,
83,grade,0.2941,0.4954,True,commit,11,,,,,,
84,grade,0.3433,0.4802,True,commit,11,,,,,,
85,grade,0.7467,0.5068,True,skip,11,,,,,,
86,grade,0.4709,0.5032,True,commit,11,,,,,,
87,grade,0.7348,0.5264,True,skip,11,,,,,,
88,grade,0.4023,0.514,True,commit,11,,,,,,
89,grade,0.0613,0.4687,True,commit,11,,,,,,
90,grade,0.88,0.5098,True,skip,11,,,,,,
91,grade,0.8249,0.5414,True,skip,11,,,,,,
92,grade,0.7941,0.5666,True,skip,11,,,,,,
93,grade,0.1228,0.5222,True,commit,11,,,,,,
94,grade,0.039,0.4739,True,commit,11,,,,,,
95,grade,0.995,0.526,True,skip,11,,,,,,
96,grade,0.1724,0.4907,True,commit,11,,,,,,
97,grade,0.466,0.4882,True,commit,11,,,,,,
98,grade,0.1096,0.4503,True,commit,11,,,,,,
99,grade,0.7602,0.4813,True,skip,11,,,,,,
100,grade,0.4446,0.4777,True,commit,11,0.0,0.0,0.0,0.0,0.0,0.0
101,grade,0.9495,0.5248,True,skip,11,,,,,,
102,grade,0.8528,0.5576,True,skip,11,,,,,,
103,grade,0.8153,0.5834,True,skip,11,,,,,,
104,grade,0.231,0.5482,True,commit,11,,,,,,
105,grade,0.7819,0.5715,True,skip,11,,,,,,
106,grade,0.1342,0.5278,True,commit,11,,,,,,
107,grade,0.8255,0.5576,True,skip,11,,,,,,
108,grade,0.2429,0.5261,True,commit,11,,,,,,
109,grade,0.4849,0.522,True,commit,11,,,,,,
110,grade,0.4867,0.5184,True,commit,11,,,,,,
111,grade,0.2959,0.4962,True,commit,11,,,,,,
112,grade,0.1127,0.4578,True,commit,11,,,,,,
113,grade,0.5591,0.468,True,skip,11,,,,,,
114,grade,0.1746,0.4386,True,commit,11,,,,,,
115,grade,0.1579,0.4106,True,commit,11,,,,,,
116,grade,0.1278,0.3823,True,commit,11,,,,,,
117,grade,0.6485,0.4089,True,skip,11,,,,,,
118,grade,0.398,0.4078,True,commit,11,,,,,,
119,grade,0.7444,0.4415,True,skip,11,,,,,,
120,grade,0.1534,0.4127,True,commit,11,0.0,0.0,0.0,0.0,0.0,0.0
