layer_idx,io_cosine,fisher_trace
0,0.149572,2.845718e+05
1,0.964505,6.595722e+04
2,0.937085,8.195397e+04
3,0.923263,4.682128e+04
4,0.970380,1.937325e+04
5,0.966432,1.768684e+04
6,0.949216,2.092991e+04
7,0.963797,1.261337e+04
8,0.967941,1.055439e+04
9,0.971586,1.004161e+04
10,0.967135,9.063336e+03
11,0.968282,7.419189e+03
12,0.971697,6.917324e+03
13,0.975045,4.557646e+03
14,0.972809,5.476114e+03
15,0.970353,5.320505e+03
16,0.969315,4.964467e+03
17,0.962158,5.288321e+03
18,0.927511,9.857241e+03
19,0.915192,6.816561e+03
20,0.934670,5.706706e+03
21,0.941209,3.978073e+03
22,0.930635,4.410441e+03
23,0.944568,4.409601e+03
24,0.964517,2.686191e+03
25,0.969565,2.065482e+03
26,0.942298,2.933688e+03
27,0.937382,2.645008e+03
28,0.962023,2.373025e+03
29,0.958440,2.649317e+03
30,0.927223,4.782573e+03
31,0.674124,7.130654e+03
