step,arm,loss,CALC_validity,CALC_acc,CALC_acc_given_valid,FINQA_validity,FINQA_acc,FINQA_acc_given_valid,BRANCH_validity,BRANCH_acc,BRANCH_acc_given_valid,IMPLY_validity,IMPLY_acc,IMPLY_acc_given_valid,overall_validity,overall_acc,overall_acc_given_valid
1,lora_schema,0.5728,,,,,,,,,,,,,,,
2,lora_schema,0.2447,,,,,,,,,,,,,,,
3,lora_schema,0.2608,,,,,,,,,,,,,,,
4,lora_schema,0.4961,,,,,,,,,,,,,,,
5,lora_schema,0.4433,,,,,,,,,,,,,,,
6,lora_schema,0.1824,,,,,,,,,,,,,,,
7,lora_schema,0.2262,,,,,,,,,,,,,,,
8,lora_schema,0.4506,,,,,,,,,,,,,,,
9,lora_schema,0.3113,,,,,,,,,,,,,,,
10,lora_schema,0.5121,,,,,,,,,,,,,,,
11,lora_schema,0.2787,,,,,,,,,,,,,,,
12,lora_schema,0.2048,,,,,,,,,,,,,,,
13,lora_schema,0.1662,,,,,,,,,,,,,,,
14,lora_schema,0.1245,,,,,,,,,,,,,,,
15,lora_schema,0.0723,,,,,,,,,,,,,,,
16,lora_schema,0.1456,,,,,,,,,,,,,,,
17,lora_schema,0.508,,,,,,,,,,,,,,,
18,lora_schema,0.0556,,,,,,,,,,,,,,,
19,lora_schema,0.0952,,,,,,,,,,,,,,,
20,lora_schema,0.0123,,,,,,,,,,,,,,,
21,lora_schema,0.1116,,,,,,,,,,,,,,,
22,lora_schema,0.084,,,,,,,,,,,,,,,
23,lora_schema,0.233,,,,,,,,,,,,,,,
24,lora_schema,0.0762,,,,,,,,,,,,,,,
25,lora_schema,0.3606,,,,,,,,,,,,,,,
26,lora_schema,0.3156,,,,,,,,,,,,,,,
27,lora_schema,0.1798,,,,,,,,,,,,,,,
28,lora_schema,0.1054,,,,,,,,,,,,,,,
29,lora_schema,0.4326,,,,,,,,,,,,,,,
30,lora_schema,0.0032,,,,,,,,,,,,,,,
31,lora_schema,0.0027,,,,,,,,,,,,,,,
32,lora_schema,0.0272,,,,,,,,,,,,,,,
33,lora_schema,0.1438,,,,,,,,,,,,,,,
34,lora_schema,0.4772,,,,,,,,,,,,,,,
35,lora_schema,0.1047,,,,,,,,,,,,,,,
36,lora_schema,0.4766,,,,,,,,,,,,,,,
37,lora_schema,0.126,,,,,,,,,,,,,,,
38,lora_schema,0.0034,,,,,,,,,,,,,,,
39,lora_schema,0.1137,,,,,,,,,,,,,,,
40,lora_schema,0.1638,,,,,,,,,,,,,,,
41,lora_schema,0.0784,,,,,,,,,,,,,,,
42,lora_schema,0.0919,,,,,,,,,,,,,,,
43,lora_schema,0.0623,,,,,,,,,,,,,,,
44,lora_schema,0.0483,,,,,,,,,,,,,,,
45,lora_schema,0.1145,,,,,,,,,,,,,,,
46,lora_schema,0.1527,,,,,,,,,,,,,,,
47,lora_schema,0.0173,,,,,,,,,,,,,,,
48,lora_schema,0.0045,,,,,,,,,,,,,,,
49,lora_schema,0.1645,,,,,,,,,,,,,,,
50,lora_schema,0.3292,0.9833,0.6667,0.678,1.0,0.7833,0.7833,1.0,0.9,0.9,1.0,1.0,1.0,0.9958,0.8375,0.841
51,lora_schema,0.298,,,,,,,,,,,,,,,
52,lora_schema,0.0016,,,,,,,,,,,,,,,
53,lora_schema,0.1096,,,,,,,,,,,,,,,
54,lora_schema,0.0286,,,,,,,,,,,,,,,
55,lora_schema,0.0219,,,,,,,,,,,,,,,
56,lora_schema,0.1796,,,,,,,,,,,,,,,
57,lora_schema,0.0623,,,,,,,,,,,,,,,
58,lora_schema,0.0252,,,,,,,,,,,,,,,
59,lora_schema,0.0336,,,,,,,,,,,,,,,
60,lora_schema,0.011,,,,,,,,,,,,,,,
61,lora_schema,0.2758,,,,,,,,,,,,,,,
62,lora_schema,0.2899,,,,,,,,,,,,,,,
63,lora_schema,0.0856,,,,,,,,,,,,,,,
64,lora_schema,0.0069,,,,,,,,,,,,,,,
65,lora_schema,0.047,,,,,,,,,,,,,,,
66,lora_schema,0.0681,,,,,,,,,,,,,,,
67,lora_schema,0.1702,,,,,,,,,,,,,,,
68,lora_schema,0.7142,,,,,,,,,,,,,,,
69,lora_schema,0.3407,,,,,,,,,,,,,,,
70,lora_schema,0.1957,,,,,,,,,,,,,,,
71,lora_schema,0.2155,,,,,,,,,,,,,,,
72,lora_schema,0.009,,,,,,,,,,,,,,,
73,lora_schema,0.013,,,,,,,,,,,,,,,
74,lora_schema,0.3988,,,,,,,,,,,,,,,
75,lora_schema,0.0034,,,,,,,,,,,,,,,
76,lora_schema,0.4576,,,,,,,,,,,,,,,
77,lora_schema,0.029,,,,,,,,,,,,,,,
78,lora_schema,0.1675,,,,,,,,,,,,,,,
79,lora_schema,0.0063,,,,,,,,,,,,,,,
80,lora_schema,0.4675,,,,,,,,,,,,,,,
81,lora_schema,0.3309,,,,,,,,,,,,,,,
82,lora_schema,0.0115,,,,,,,,,,,,,,,
83,lora_schema,0.2911,,,,,,,,,,,,,,,
84,lora_schema,0.0291,,,,,,,,,,,,,,,
85,lora_schema,0.0025,,,,,,,,,,,,,,,
86,lora_schema,0.0267,,,,,,,,,,,,,,,
87,lora_schema,0.0124,,,,,,,,,,,,,,,
88,lora_schema,0.0079,,,,,,,,,,,,,,,
89,lora_schema,0.0047,,,,,,,,,,,,,,,
90,lora_schema,0.0784,,,,,,,,,,,,,,,
91,lora_schema,0.0558,,,,,,,,,,,,,,,
92,lora_schema,0.0635,,,,,,,,,,,,,,,
93,lora_schema,0.0501,,,,,,,,,,,,,,,
94,lora_schema,0.3538,,,,,,,,,,,,,,,
95,lora_schema,0.4277,,,,,,,,,,,,,,,
96,lora_schema,0.3519,,,,,,,,,,,,,,,
97,lora_schema,0.3811,,,,,,,,,,,,,,,
98,lora_schema,0.2091,,,,,,,,,,,,,,,
99,lora_schema,0.0085,,,,,,,,,,,,,,,
100,lora_schema,0.0709,1.0,0.6667,0.6667,1.0,0.85,0.85,1.0,0.9,0.9,1.0,1.0,1.0,1.0,0.8542,0.8542
101,lora_schema,0.1584,,,,,,,,,,,,,,,
102,lora_schema,0.0396,,,,,,,,,,,,,,,
103,lora_schema,0.1493,,,,,,,,,,,,,,,
104,lora_schema,0.1911,,,,,,,,,,,,,,,
105,lora_schema,0.1041,,,,,,,,,,,,,,,
106,lora_schema,0.0093,,,,,,,,,,,,,,,
107,lora_schema,0.239,,,,,,,,,,,,,,,
108,lora_schema,0.007,,,,,,,,,,,,,,,
109,lora_schema,0.0163,,,,,,,,,,,,,,,
110,lora_schema,0.1212,,,,,,,,,,,,,,,
111,lora_schema,0.1247,,,,,,,,,,,,,,,
112,lora_schema,0.2721,,,,,,,,,,,,,,,
113,lora_schema,0.1547,,,,,,,,,,,,,,,
114,lora_schema,0.1063,,,,,,,,,,,,,,,
115,lora_schema,0.2555,,,,,,,,,,,,,,,
116,lora_schema,0.2099,,,,,,,,,,,,,,,
117,lora_schema,0.3688,,,,,,,,,,,,,,,
118,lora_schema,0.0497,,,,,,,,,,,,,,,
119,lora_schema,0.0678,,,,,,,,,,,,,,,
120,lora_schema,0.2792,,,,,,,,,,,,,,,
121,lora_schema,0.0488,,,,,,,,,,,,,,,
122,lora_schema,0.0002,,,,,,,,,,,,,,,
123,lora_schema,0.0882,,,,,,,,,,,,,,,
124,lora_schema,0.3806,,,,,,,,,,,,,,,
125,lora_schema,0.0643,,,,,,,,,,,,,,,
126,lora_schema,0.14,,,,,,,,,,,,,,,
127,lora_schema,0.0595,,,,,,,,,,,,,,,
128,lora_schema,0.0778,,,,,,,,,,,,,,,
129,lora_schema,0.0158,,,,,,,,,,,,,,,
130,lora_schema,0.1385,,,,,,,,,,,,,,,
131,lora_schema,0.2259,,,,,,,,,,,,,,,
132,lora_schema,0.0339,,,,,,,,,,,,,,,
133,lora_schema,0.0827,,,,,,,,,,,,,,,
134,lora_schema,0.136,,,,,,,,,,,,,,,
135,lora_schema,0.0423,,,,,,,,,,,,,,,
136,lora_schema,0.0008,,,,,,,,,,,,,,,
137,lora_schema,0.3431,,,,,,,,,,,,,,,
138,lora_schema,0.0919,,,,,,,,,,,,,,,
139,lora_schema,0.2975,,,,,,,,,,,,,,,
140,lora_schema,0.0106,,,,,,,,,,,,,,,
141,lora_schema,0.0008,,,,,,,,,,,,,,,
142,lora_schema,0.328,,,,,,,,,,,,,,,
143,lora_schema,0.0943,,,,,,,,,,,,,,,
144,lora_schema,0.0529,,,,,,,,,,,,,,,
145,lora_schema,0.3678,,,,,,,,,,,,,,,
146,lora_schema,0.0038,,,,,,,,,,,,,,,
147,lora_schema,0.0954,,,,,,,,,,,,,,,
148,lora_schema,0.2033,,,,,,,,,,,,,,,
149,lora_schema,0.1789,,,,,,,,,,,,,,,
150,lora_schema,0.3905,1.0,0.7167,0.7167,1.0,0.8833,0.8833,1.0,0.85,0.85,1.0,1.0,1.0,1.0,0.8625,0.8625
